condition,label,persona_id,n_models,mean_dist,std_dist
full,Full formulation,1,10,0.43168777,0.11983767
full,Full formulation,2,10,0.3442225,0.08014367
full,Full formulation,3,10,0.350982,0.11118138
full,Full formulation,4,10,0.40053827,0.097419105
full,Full formulation,5,10,0.41850027,0.10776866
full,Full formulation,6,10,0.38896832,0.078441426
full,Full formulation,7,10,0.44992548,0.105082706
full,Full formulation,8,10,0.47701818,0.082882844
full,Full formulation,9,10,0.35647222,0.07952744
full,Full formulation,10,10,0.4293281,0.06891296
full,Full formulation,11,10,0.3945781,0.0738846
full,Full formulation,12,10,0.39573717,0.11935297
full,Full formulation,13,10,0.39381248,0.113379836
full,Full formulation,14,10,0.35287935,0.11088373
full,Full formulation,15,10,0.4418379,0.07054888
full,Full formulation,16,10,0.44994253,0.1037449
full,Full formulation,17,10,0.39988235,0.07820241
full,Full formulation,18,9,0.42600477,0.11264855
full,Full formulation,19,10,0.3639221,0.09697304
full,Full formulation,20,10,0.40802503,0.1028136
full,Full formulation,21,10,0.50247157,0.07513087
full,Full formulation,22,10,0.39289856,0.09316148
full,Full formulation,23,10,0.3752592,0.08154078
full,Full formulation,24,10,0.37719673,0.070643134
full,Full formulation,25,10,0.37319708,0.09227407
full,Full formulation,26,10,0.43816325,0.10610072
full,Full formulation,27,10,0.52050215,0.12650283
full,Full formulation,28,10,0.4170229,0.08520355
full,Full formulation,29,10,0.37300414,0.08718569
full,Full formulation,30,10,0.428855,0.087855846
full,Full formulation,31,10,0.38311315,0.0858043
full,Full formulation,32,10,0.43556353,0.10533696
full,Full formulation,33,10,0.38270387,0.09617621
full,Full formulation,34,10,0.4076558,0.07010885
full,Full formulation,35,10,0.41585448,0.09373843
full,Full formulation,36,10,0.32380715,0.05528404
full,Full formulation,37,10,0.3958388,0.09448081
full,Full formulation,38,10,0.44174904,0.09207659
full,Full formulation,39,10,0.44563693,0.07904512
full,Full formulation,40,10,0.45521146,0.08873292
full,Full formulation,41,10,0.3723454,0.09054942
full,Full formulation,42,10,0.41635355,0.09157301
full,Full formulation,43,10,0.41949132,0.08646356
full,Full formulation,44,10,0.42964834,0.0739048
full,Full formulation,45,10,0.34746248,0.06941107
full,Full formulation,46,10,0.4342571,0.092087455
full,Full formulation,47,10,0.4456832,0.10986816
full,Full formulation,48,10,0.423127,0.09580377
full,Full formulation,49,10,0.51059747,0.09252084
full,Full formulation,50,10,0.37298796,0.08215186
full,Full formulation,51,10,0.36883894,0.105562635
full,Full formulation,52,10,0.43006542,0.12383677
full,Full formulation,53,10,0.42695972,0.09886895
full,Full formulation,54,10,0.38879684,0.104215674
full,Full formulation,55,10,0.4263694,0.09404191
full,Full formulation,56,10,0.40262717,0.07766193
full,Full formulation,57,10,0.44590536,0.08676855
full,Full formulation,58,10,0.4511706,0.0681494
full,Full formulation,59,10,0.4006929,0.08771527
full,Full formulation,60,10,0.39433247,0.1025614
full,Full formulation,61,10,0.45351207,0.098786585
full,Full formulation,62,10,0.44084376,0.115206726
full,Full formulation,63,10,0.41978472,0.064947225
full,Full formulation,64,10,0.45438066,0.081780545
full,Full formulation,65,10,0.4733215,0.09620395
full,Full formulation,66,10,0.3867413,0.10072842
full,Full formulation,67,10,0.44830048,0.1246783
full,Full formulation,68,10,0.31330523,0.099049956
full,Full formulation,69,10,0.31579167,0.098852344
full,Full formulation,70,10,0.38469556,0.08473611
full,Full formulation,71,10,0.36094394,0.07704928
full,Full formulation,72,10,0.37373644,0.109976925
full,Full formulation,73,10,0.46429613,0.07520318
full,Full formulation,74,10,0.38812664,0.1137811
full,Full formulation,75,10,0.40536472,0.07982744
full,Full formulation,76,10,0.3503508,0.11774202
full,Full formulation,77,10,0.38745415,0.1008051
full,Full formulation,78,10,0.39457694,0.07403423
full,Full formulation,79,10,0.45008942,0.07593639
full,Full formulation,80,10,0.37492925,0.07341966
full,Full formulation,81,10,0.41277313,0.09331458
full,Full formulation,82,10,0.42111665,0.077838875
full,Full formulation,83,10,0.3473533,0.1005221
full,Full formulation,84,10,0.39806426,0.10474929
full,Full formulation,85,10,0.46086338,0.07601903
full,Full formulation,86,10,0.3828735,0.08885416
full,Full formulation,87,10,0.46365988,0.082850575
full,Full formulation,88,10,0.4021228,0.08112633
full,Full formulation,89,10,0.4319793,0.08674888
full,Full formulation,90,10,0.39748386,0.09958941
full,Full formulation,91,10,0.37599,0.08473573
full,Full formulation,92,10,0.41532466,0.091385506
full,Full formulation,93,10,0.38790432,0.06927109
full,Full formulation,94,10,0.42025387,0.08425217
full,Full formulation,95,10,0.390619,0.08586991
full,Full formulation,96,10,0.42273974,0.08097186
full,Full formulation,97,10,0.435009,0.101794854
full,Full formulation,98,10,0.39777857,0.09132638
full,Full formulation,99,10,0.45140427,0.1088926
full,Full formulation,100,10,0.4498772,0.091431916
full,Full formulation,101,10,0.36042154,0.06587515
full,Full formulation,102,10,0.41413224,0.0988944
full,Full formulation,103,10,0.42951542,0.08542019
full,Full formulation,104,10,0.43599638,0.085201405
full,Full formulation,105,10,0.46849862,0.08266165
full,Full formulation,106,10,0.4497332,0.093890995
full,Full formulation,107,10,0.38552302,0.12604055
full,Full formulation,108,10,0.37048542,0.09434571
full,Full formulation,109,10,0.36034465,0.08166341
full,Full formulation,110,10,0.33575913,0.08940835
full,Full formulation,111,10,0.44932193,0.08953974
full,Full formulation,112,10,0.45478678,0.10368325
full,Full formulation,113,10,0.43422198,0.10655618
full,Full formulation,114,10,0.41981032,0.11350341
full,Full formulation,115,10,0.43657774,0.08220804
full,Full formulation,116,10,0.42450747,0.08905707
full,Full formulation,117,10,0.3769545,0.11574402
full,Full formulation,118,10,0.3679399,0.10592792
full,Full formulation,119,10,0.38407236,0.12378055
full,Full formulation,120,10,0.3518942,0.06735812
full,Full formulation,121,10,0.3981242,0.07754153
full,Full formulation,122,10,0.44633788,0.07844292
full,Full formulation,123,10,0.39062005,0.10928904
full,Full formulation,124,10,0.45547757,0.10705014
full,Full formulation,125,10,0.34067985,0.12501994
full,Full formulation,126,10,0.42741132,0.092201106
full,Full formulation,127,10,0.41051415,0.08798671
full,Full formulation,128,10,0.38337514,0.08034467
full,Full formulation,129,10,0.41734403,0.09616965
full,Full formulation,130,10,0.37714717,0.071237534
full,Full formulation,131,10,0.39725006,0.072155684
full,Full formulation,132,10,0.47110656,0.086890206
full,Full formulation,133,10,0.34845963,0.091327116
full,Full formulation,134,10,0.38125712,0.06848501
full,Full formulation,135,10,0.3726621,0.11833806
full,Full formulation,136,10,0.35038048,0.06400007
full,Full formulation,137,10,0.3995222,0.0747534
full,Full formulation,138,10,0.46115524,0.083118096
full,Full formulation,139,10,0.4345236,0.09196611
full,Full formulation,140,10,0.4303488,0.093446225
full,Full formulation,141,10,0.35257483,0.09363968
full,Full formulation,142,10,0.45312408,0.13897523
full,Full formulation,143,10,0.4184592,0.09400735
full,Full formulation,144,10,0.3891521,0.13328734
full,Full formulation,145,10,0.388578,0.10414142
full,Full formulation,146,10,0.40953472,0.09032065
full,Full formulation,147,10,0.41201162,0.12956922
full,Full formulation,148,10,0.3905427,0.101611905
full,Full formulation,149,10,0.3443243,0.06915257
full,Full formulation,150,10,0.42875963,0.0991647
full,Full formulation,151,10,0.49205408,0.11403828
full,Full formulation,152,10,0.35981408,0.074166976
full,Full formulation,153,10,0.35147434,0.10296172
full,Full formulation,154,10,0.42780447,0.08756852
full,Full formulation,155,10,0.39585084,0.086081326
full,Full formulation,156,10,0.34299687,0.058478724
full,Full formulation,157,10,0.40347853,0.119073525
full,Full formulation,158,10,0.37985092,0.07371081
full,Full formulation,159,10,0.39790156,0.10050435
full,Full formulation,160,10,0.4612276,0.09045438
full,Full formulation,161,10,0.44511837,0.088670164
full,Full formulation,162,10,0.3894006,0.10402951
full,Full formulation,163,10,0.44542092,0.07009544
full,Full formulation,164,10,0.31280887,0.073477745
full,Full formulation,165,10,0.3965493,0.09621976
full,Full formulation,166,10,0.35448936,0.13299462
full,Full formulation,167,10,0.4272935,0.086217895
full,Full formulation,168,10,0.46419927,0.08713986
full,Full formulation,169,10,0.40559277,0.08235851
full,Full formulation,170,10,0.3770156,0.076390386
full,Full formulation,171,10,0.39594087,0.08304837
full,Full formulation,172,10,0.3923822,0.11092705
full,Full formulation,173,10,0.4195072,0.085013285
full,Full formulation,174,10,0.4414767,0.10488557
full,Full formulation,175,10,0.3305454,0.0888311
full,Full formulation,176,10,0.35624424,0.08713604
full,Full formulation,177,10,0.38379386,0.07569165
full,Full formulation,178,10,0.41939965,0.0917115
full,Full formulation,179,10,0.3629285,0.073262915
full,Full formulation,180,10,0.48535007,0.09258034
full,Full formulation,181,10,0.40162337,0.09178443
full,Full formulation,182,10,0.47347477,0.08464417
full,Full formulation,183,10,0.37511265,0.07224246
full,Full formulation,184,10,0.4733217,0.09141041
full,Full formulation,185,10,0.37421477,0.096593186
full,Full formulation,186,10,0.4433912,0.11756487
full,Full formulation,187,10,0.4636133,0.08731574
full,Full formulation,188,10,0.36790577,0.07325107
full,Full formulation,189,10,0.42846698,0.12986319
full,Full formulation,190,10,0.39619493,0.068295516
full,Full formulation,191,10,0.37812755,0.07635179
full,Full formulation,192,10,0.3585715,0.08245754
full,Full formulation,193,10,0.42499593,0.07224148
full,Full formulation,194,10,0.35952637,0.085151345
full,Full formulation,195,10,0.46869266,0.10178061
full,Full formulation,196,10,0.40023062,0.094187304
full,Full formulation,197,10,0.37705714,0.09464563
full,Full formulation,198,10,0.45058328,0.1235846
full,Full formulation,199,10,0.44348717,0.1256901
full,Full formulation,200,10,0.39873713,0.08684134
full,Full formulation,201,10,0.48601294,0.10386302
full,Full formulation,202,10,0.40434676,0.09169983
full,Full formulation,203,10,0.48357338,0.106848635
full,Full formulation,204,10,0.45352605,0.083295055
full,Full formulation,205,10,0.45379275,0.08971233
full,Full formulation,206,10,0.41395426,0.08256063
full,Full formulation,207,10,0.4616958,0.10796167
full,Full formulation,208,10,0.43119693,0.10844679
full,Full formulation,209,10,0.4297972,0.075807035
full,Full formulation,210,10,0.4420128,0.09631678
full,Full formulation,211,10,0.37804908,0.08912024
full,Full formulation,212,10,0.43284544,0.09523163
full,Full formulation,213,10,0.4635384,0.13062279
full,Full formulation,214,10,0.4336822,0.10297093
full,Full formulation,215,10,0.43015292,0.07725303
full,Full formulation,216,10,0.39775276,0.10020529
full,Full formulation,217,10,0.3848836,0.08598369
full,Full formulation,218,10,0.41706517,0.11417835
full,Full formulation,219,10,0.47313532,0.08328304
full,Full formulation,220,10,0.3838288,0.07498759
full,Full formulation,221,10,0.44073686,0.08525726
full,Full formulation,222,10,0.41308093,0.07448486
full,Full formulation,223,10,0.39531267,0.09793374
full,Full formulation,224,10,0.41000304,0.09162269
full,Full formulation,225,10,0.34971163,0.09035861
full,Full formulation,226,10,0.44467637,0.1247741
full,Full formulation,227,10,0.40429077,0.09496931
full,Full formulation,228,10,0.4385149,0.07348824
full,Full formulation,229,10,0.49567795,0.067624286
full,Full formulation,230,10,0.43868935,0.083806634
full,Full formulation,231,10,0.39127076,0.09129861
full,Full formulation,232,10,0.3197985,0.081381984
full,Full formulation,233,10,0.34848478,0.091564186
full,Full formulation,234,10,0.3584179,0.07106301
full,Full formulation,235,10,0.4177667,0.113824114
full,Full formulation,236,10,0.4663865,0.108677864
full,Full formulation,237,10,0.4062279,0.112505436
full,Full formulation,238,10,0.47970822,0.087707035
full,Full formulation,239,10,0.36411276,0.07735589
full,Full formulation,240,10,0.43971652,0.07950299
full,Full formulation,241,10,0.41734442,0.06919763
full,Full formulation,242,10,0.43991372,0.102476336
full,Full formulation,243,10,0.36396858,0.08142147
full,Full formulation,244,10,0.3925637,0.081443846
full,Full formulation,245,10,0.4342575,0.08651303
full,Full formulation,246,10,0.33887646,0.08874552
full,Full formulation,247,10,0.3834537,0.08839879
full,Full formulation,248,10,0.38439056,0.086899914
full,Full formulation,249,10,0.42426443,0.10111547
full,Full formulation,250,10,0.44424683,0.08065087
full,Full formulation,251,10,0.31242946,0.08479272
full,Full formulation,252,10,0.49140003,0.07607696
full,Full formulation,253,10,0.41352963,0.09038658
full,Full formulation,254,10,0.42666298,0.10010068
full,Full formulation,255,10,0.34725553,0.07787273
full,Full formulation,256,10,0.389671,0.09434724
full,Full formulation,257,10,0.4191461,0.097798556
full,Full formulation,258,10,0.41210213,0.13732783
full,Full formulation,259,10,0.44391754,0.075265415
full,Full formulation,260,10,0.49494472,0.08555832
full,Full formulation,261,10,0.4483516,0.10951966
full,Full formulation,262,10,0.48687452,0.08587423
full,Full formulation,263,10,0.35666588,0.081339695
full,Full formulation,264,10,0.34802866,0.07305196
full,Full formulation,265,10,0.29951796,0.06976425
full,Full formulation,266,10,0.47851345,0.096672244
full,Full formulation,267,10,0.3605983,0.11965209
full,Full formulation,268,10,0.39166793,0.08889027
full,Full formulation,269,10,0.43596166,0.06627259
full,Full formulation,270,10,0.42237845,0.09397014
full,Full formulation,271,10,0.27084354,0.061654266
full,Full formulation,272,10,0.4137697,0.079705454
full,Full formulation,273,10,0.36862347,0.07939387
full,Full formulation,274,10,0.37248692,0.07997857
full,Full formulation,275,10,0.42584932,0.07681221
full,Full formulation,276,10,0.42595837,0.094258115
full,Full formulation,277,10,0.42342785,0.109843776
full,Full formulation,278,10,0.3849137,0.0814073
full,Full formulation,279,10,0.47656238,0.09149839
full,Full formulation,280,10,0.4152817,0.12542452
full,Full formulation,281,10,0.42266995,0.096812345
full,Full formulation,282,10,0.35854042,0.08730343
full,Full formulation,283,10,0.39730796,0.09477386
full,Full formulation,284,10,0.37154397,0.09843598
full,Full formulation,285,10,0.4476958,0.10492754
full,Full formulation,286,10,0.35733324,0.09792559
full,Full formulation,287,10,0.32603276,0.0704999
full,Full formulation,288,10,0.43676355,0.09398682
full,Full formulation,289,10,0.3395772,0.06706105
full,Full formulation,290,10,0.4601596,0.07012781
full,Full formulation,291,10,0.4378102,0.091770485
full,Full formulation,292,10,0.41317305,0.11314187
full,Full formulation,293,10,0.46206677,0.08480499
full,Full formulation,294,10,0.43593416,0.092643626
full,Full formulation,295,10,0.34685057,0.1081687
full,Full formulation,296,10,0.41629398,0.09180658
full,Full formulation,297,10,0.3870099,0.067747384
full,Full formulation,298,10,0.39001015,0.105841145
full,Full formulation,299,10,0.39203507,0.07533792
full,Full formulation,300,10,0.40124753,0.08108438
full,Full formulation,301,10,0.4483451,0.09110561
full,Full formulation,302,10,0.3487467,0.08025534
full,Full formulation,303,10,0.43920395,0.100545466
full,Full formulation,304,10,0.36252457,0.11166124
full,Full formulation,305,10,0.33544937,0.10340992
full,Full formulation,306,10,0.42955187,0.08761533
full,Full formulation,307,10,0.38742268,0.08735922
full,Full formulation,308,10,0.33264548,0.070011005
full,Full formulation,309,10,0.38037163,0.075571574
full,Full formulation,310,10,0.4400267,0.086800896
full,Full formulation,311,10,0.39142752,0.10469504
full,Full formulation,312,10,0.3946387,0.089251876
full,Full formulation,313,10,0.41637412,0.09189704
full,Full formulation,314,10,0.4211475,0.107260756
full,Full formulation,315,10,0.41920894,0.07800864
full,Full formulation,316,10,0.41690022,0.07127809
full,Full formulation,317,10,0.4074116,0.07182162
full,Full formulation,318,10,0.4579587,0.08437067
full,Full formulation,319,10,0.46465695,0.09435296
full,Full formulation,320,10,0.40214154,0.084070414
full,Full formulation,321,10,0.37779668,0.07935426
full,Full formulation,322,10,0.39322233,0.0786328
full,Full formulation,323,10,0.40539628,0.09122467
full,Full formulation,324,10,0.43022498,0.08145606
full,Full formulation,325,10,0.40869132,0.09086981
full,Full formulation,326,10,0.44241968,0.08452385
full,Full formulation,327,10,0.44314876,0.07931706
full,Full formulation,328,10,0.40678397,0.073273376
full,Full formulation,329,10,0.3483023,0.07486916
full,Full formulation,330,10,0.44231156,0.073963776
full,Full formulation,331,10,0.40183127,0.111308865
full,Full formulation,332,10,0.4471276,0.07583665
full,Full formulation,333,10,0.36554897,0.09528278
full,Full formulation,334,10,0.42429733,0.09765672
full,Full formulation,335,10,0.43724373,0.09808131
full,Full formulation,336,10,0.42617273,0.08899867
full,Full formulation,337,10,0.39379227,0.08577019
full,Full formulation,338,10,0.44622222,0.07511043
full,Full formulation,339,10,0.33953935,0.07476647
full,Full formulation,340,10,0.4528861,0.07963231
full,Full formulation,341,10,0.41635925,0.08616068
full,Full formulation,342,10,0.34802002,0.10052867
full,Full formulation,343,10,0.46666348,0.10346701
full,Full formulation,344,10,0.37399903,0.090980865
full,Full formulation,345,10,0.432338,0.10965914
full,Full formulation,346,10,0.4126671,0.09884455
full,Full formulation,347,10,0.36062893,0.08690069
full,Full formulation,348,10,0.4015338,0.09128973
full,Full formulation,349,10,0.4278292,0.089960605
full,Full formulation,350,10,0.47021213,0.07376758
full,Full formulation,351,10,0.4341259,0.089662984
full,Full formulation,352,10,0.43560934,0.08942003
full,Full formulation,353,10,0.3599989,0.061447836
full,Full formulation,354,10,0.37257624,0.06244033
full,Full formulation,355,10,0.38895085,0.11003631
full,Full formulation,356,10,0.45114556,0.07842104
full,Full formulation,357,10,0.42500144,0.06177046
full,Full formulation,358,10,0.35885057,0.054341577
full,Full formulation,359,10,0.38864323,0.10452005
full,Full formulation,360,10,0.36320955,0.08618228
full,Full formulation,361,10,0.39276177,0.07877678
full,Full formulation,362,10,0.39343935,0.09722574
full,Full formulation,363,10,0.3990564,0.11097238
full,Full formulation,364,10,0.448943,0.085778795
full,Full formulation,365,10,0.45109528,0.12217587
full,Full formulation,366,10,0.37406278,0.07271473
full,Full formulation,367,10,0.42409635,0.07562296
full,Full formulation,368,10,0.41238564,0.081574
full,Full formulation,369,10,0.42362165,0.09598138
full,Full formulation,370,10,0.38851908,0.09936001
full,Full formulation,371,10,0.38565353,0.11238106
full,Full formulation,372,10,0.38373554,0.09402396
full,Full formulation,373,10,0.40925545,0.1159791
full,Full formulation,374,10,0.44721752,0.14691141
full,Full formulation,375,10,0.39280206,0.0759495
full,Full formulation,376,10,0.4149124,0.095404
full,Full formulation,377,10,0.4393248,0.11607232
full,Full formulation,378,10,0.3854686,0.072167784
full,Full formulation,379,10,0.3917489,0.096753985
full,Full formulation,380,10,0.41981664,0.08492003
full,Full formulation,381,10,0.48167107,0.087805115
full,Full formulation,382,10,0.46283653,0.108883955
full,Full formulation,383,10,0.43131435,0.10163637
full,Full formulation,384,10,0.41891617,0.10164326
full,Full formulation,385,10,0.41953796,0.111240335
full,Full formulation,386,10,0.42754227,0.11582672
full,Full formulation,387,10,0.4395244,0.074160606
full,Full formulation,388,10,0.4568698,0.08850964
full,Full formulation,389,10,0.39250124,0.08891655
full,Full formulation,390,10,0.4741256,0.20430161
full,Full formulation,391,10,0.45658422,0.09159326
full,Full formulation,392,10,0.33445862,0.09946184
full,Full formulation,393,10,0.41885605,0.08931706
full,Full formulation,394,10,0.4659749,0.0818244
full,Full formulation,395,10,0.41028443,0.0903672
full,Full formulation,396,10,0.39720386,0.10856761
full,Full formulation,397,10,0.45658764,0.09038295
full,Full formulation,398,10,0.4505347,0.11719422
full,Full formulation,399,10,0.4869761,0.1087133
full,Full formulation,400,10,0.4383901,0.110617444
full,Full formulation,401,10,0.40728992,0.07587417
full,Full formulation,402,10,0.4818372,0.07350366
full,Full formulation,403,10,0.383591,0.08930724
full,Full formulation,404,10,0.3902952,0.05947889
full,Full formulation,405,10,0.43120438,0.116775334
full,Full formulation,406,10,0.3945408,0.11059216
full,Full formulation,407,10,0.38297194,0.07563791
full,Full formulation,408,10,0.38477427,0.09636059
full,Full formulation,409,10,0.4375428,0.09653869
full,Full formulation,410,10,0.370792,0.07869041
full,Full formulation,411,10,0.40147883,0.10273384
full,Full formulation,412,10,0.45726666,0.11388782
full,Full formulation,413,10,0.38946792,0.10934553
full,Full formulation,414,10,0.40282032,0.10639583
full,Full formulation,415,10,0.4420929,0.080695994
full,Full formulation,416,10,0.42025045,0.09771625
full,Full formulation,417,10,0.39329085,0.06744412
full,Full formulation,418,10,0.4488737,0.093551606
full,Full formulation,419,10,0.40983585,0.06989362
full,Full formulation,420,10,0.31779227,0.07520666
full,Full formulation,421,10,0.38794184,0.110277064
full,Full formulation,422,10,0.42679185,0.07850347
full,Full formulation,423,10,0.3986488,0.11125336
full,Full formulation,424,10,0.3808925,0.09070178
full,Full formulation,425,10,0.39436147,0.06936511
full,Full formulation,426,10,0.4035589,0.113552056
full,Full formulation,427,10,0.39956844,0.09081085
full,Full formulation,428,10,0.44093773,0.09830104
full,Full formulation,429,9,0.44166994,0.08496639
full,Full formulation,430,10,0.3663375,0.102045685
full,Full formulation,431,10,0.37712014,0.100877814
full,Full formulation,432,10,0.4387949,0.116407305
full,Full formulation,433,10,0.45283437,0.06993567
full,Full formulation,434,10,0.3969072,0.072932184
full,Full formulation,435,10,0.40555364,0.10017822
full,Full formulation,436,10,0.42978305,0.0789551
full,Full formulation,437,10,0.43103546,0.09155484
full,Full formulation,438,10,0.35629556,0.09655301
full,Full formulation,439,10,0.41150236,0.11127817
full,Full formulation,440,10,0.4135398,0.08252496
full,Full formulation,441,10,0.3949523,0.09695296
full,Full formulation,442,10,0.41323102,0.07696742
full,Full formulation,443,10,0.38369662,0.12076739
full,Full formulation,444,10,0.3861646,0.10380329
full,Full formulation,445,10,0.42853266,0.09166013
full,Full formulation,446,10,0.4384888,0.096559815
full,Full formulation,447,10,0.39690372,0.103146404
full,Full formulation,448,10,0.39792028,0.093664356
full,Full formulation,449,10,0.43207932,0.08633829
full,Full formulation,450,10,0.35267237,0.08857706
full,Full formulation,451,10,0.38060308,0.10350065
full,Full formulation,452,10,0.47664505,0.090545766
full,Full formulation,453,10,0.37723172,0.12182018
full,Full formulation,454,10,0.42439303,0.08387321
full,Full formulation,455,10,0.41165987,0.111840285
full,Full formulation,456,10,0.40463245,0.080425024
full,Full formulation,457,10,0.36508453,0.09115848
full,Full formulation,458,10,0.4149386,0.089856565
full,Full formulation,459,10,0.38596725,0.13705523
full,Full formulation,460,10,0.42755863,0.10612813
full,Full formulation,461,10,0.4658944,0.13112965
full,Full formulation,462,10,0.37715733,0.10900665
full,Full formulation,463,10,0.46283293,0.084343605
full,Full formulation,464,10,0.40727925,0.13090517
full,Full formulation,465,10,0.40933818,0.08178718
full,Full formulation,466,10,0.4114976,0.06845312
full,Full formulation,467,10,0.42495424,0.08849518
full,Full formulation,468,10,0.29002312,0.12526034
full,Full formulation,469,10,0.34544742,0.09529645
full,Full formulation,470,10,0.39390665,0.09683557
full,Full formulation,471,10,0.4223112,0.06347006
full,Full formulation,472,10,0.43979916,0.11262766
full,Full formulation,473,10,0.49360314,0.083794005
full,Full formulation,474,10,0.383606,0.10465426
full,Full formulation,475,10,0.47185087,0.08325669
full,Full formulation,476,10,0.37750888,0.09881844
full,Full formulation,477,10,0.4092775,0.10529197
full,Full formulation,478,10,0.4216912,0.101432025
full,Full formulation,479,10,0.4194409,0.09762516
full,Full formulation,480,10,0.39083073,0.07586484
full,Full formulation,481,10,0.41067553,0.068263076
full,Full formulation,482,10,0.4125073,0.0825197
full,Full formulation,483,10,0.42209396,0.138778
full,Full formulation,484,10,0.38680518,0.1111105
full,Full formulation,485,10,0.40460655,0.085956395
full,Full formulation,486,10,0.5192048,0.15609244
full,Full formulation,487,10,0.42952174,0.10191119
full,Full formulation,488,10,0.3865558,0.08150218
full,Full formulation,489,10,0.46687835,0.078972936
full,Full formulation,490,10,0.42357856,0.09381283
full,Full formulation,491,10,0.41479495,0.10744508
full,Full formulation,492,10,0.41702804,0.10065367
full,Full formulation,493,10,0.5074798,0.08490844
full,Full formulation,494,10,0.4244171,0.06456102
full,Full formulation,495,10,0.31792614,0.10241687
full,Full formulation,496,10,0.4872875,0.13024396
full,Full formulation,497,10,0.4442136,0.09934144
full,Full formulation,498,10,0.46419847,0.08458365
full,Full formulation,499,10,0.41766527,0.10644223
full,Full formulation,500,10,0.36406457,0.07680612
no_formulation,No formulation,1,10,0.42430523,0.09329753
no_formulation,No formulation,2,10,0.3877274,0.061654877
no_formulation,No formulation,3,10,0.4288593,0.0871816
no_formulation,No formulation,4,10,0.392343,0.102899276
no_formulation,No formulation,5,10,0.46437636,0.10052912
no_formulation,No formulation,6,10,0.40233573,0.0955259
no_formulation,No formulation,7,10,0.4184509,0.13877715
no_formulation,No formulation,8,10,0.44718027,0.08981547
no_formulation,No formulation,9,10,0.3699393,0.0984714
no_formulation,No formulation,10,10,0.4593238,0.12812549
no_formulation,No formulation,11,10,0.47369596,0.11037142
no_formulation,No formulation,12,10,0.3822444,0.07723835
no_formulation,No formulation,13,10,0.4667939,0.11387176
no_formulation,No formulation,14,10,0.40135884,0.06268648
no_formulation,No formulation,15,10,0.46831864,0.086028315
no_formulation,No formulation,16,10,0.44128156,0.08712053
no_formulation,No formulation,17,10,0.4368193,0.085845105
no_formulation,No formulation,18,10,0.44578615,0.09341944
no_formulation,No formulation,19,10,0.3775809,0.10653244
no_formulation,No formulation,20,10,0.4376321,0.1307213
no_formulation,No formulation,21,10,0.51129484,0.088621356
no_formulation,No formulation,22,10,0.44897512,0.09113596
no_formulation,No formulation,23,10,0.42167312,0.086217366
no_formulation,No formulation,24,10,0.3851531,0.07487545
no_formulation,No formulation,25,10,0.38108748,0.10652365
no_formulation,No formulation,26,10,0.47381142,0.11397849
no_formulation,No formulation,27,10,0.4430774,0.097406104
no_formulation,No formulation,28,10,0.47360337,0.0653506
no_formulation,No formulation,29,10,0.40339932,0.09040953
no_formulation,No formulation,30,10,0.4498221,0.07144482
no_formulation,No formulation,31,10,0.41125,0.093630746
no_formulation,No formulation,32,10,0.4759372,0.082651086
no_formulation,No formulation,33,10,0.3943055,0.08655642
no_formulation,No formulation,34,10,0.41059113,0.08568046
no_formulation,No formulation,35,10,0.42624182,0.095461324
no_formulation,No formulation,36,10,0.33870733,0.07133102
no_formulation,No formulation,37,10,0.42563787,0.065840475
no_formulation,No formulation,38,10,0.44587177,0.11417327
no_formulation,No formulation,39,10,0.49359816,0.08874997
no_formulation,No formulation,40,10,0.4405448,0.11068889
no_formulation,No formulation,41,10,0.33128235,0.10162677
no_formulation,No formulation,42,10,0.44646803,0.11551371
no_formulation,No formulation,43,10,0.46015817,0.08918394
no_formulation,No formulation,44,10,0.41262776,0.08704469
no_formulation,No formulation,45,10,0.41327697,0.0907336
no_formulation,No formulation,46,10,0.45947105,0.06411345
no_formulation,No formulation,47,10,0.4602424,0.111722976
no_formulation,No formulation,48,10,0.4683612,0.07788947
no_formulation,No formulation,49,10,0.48152673,0.07931927
no_formulation,No formulation,50,10,0.41116214,0.07212505
no_formulation,No formulation,51,10,0.38004202,0.084266156
no_formulation,No formulation,52,10,0.45902503,0.08835429
no_formulation,No formulation,53,10,0.4364584,0.09777026
no_formulation,No formulation,54,10,0.44294095,0.08264282
no_formulation,No formulation,55,10,0.39894536,0.1245197
no_formulation,No formulation,56,10,0.44089827,0.06972986
no_formulation,No formulation,57,10,0.4688616,0.07475931
no_formulation,No formulation,58,10,0.42905045,0.100850254
no_formulation,No formulation,59,10,0.41394445,0.09135232
no_formulation,No formulation,60,10,0.3771987,0.096354134
no_formulation,No formulation,61,10,0.41997468,0.10346404
no_formulation,No formulation,62,10,0.47514573,0.09618406
no_formulation,No formulation,63,10,0.47302467,0.081618406
no_formulation,No formulation,64,10,0.4608495,0.08334949
no_formulation,No formulation,65,10,0.46838552,0.105313696
no_formulation,No formulation,66,10,0.4283101,0.07441554
no_formulation,No formulation,67,10,0.47951454,0.079959966
no_formulation,No formulation,68,10,0.35134217,0.09665638
no_formulation,No formulation,69,10,0.37077144,0.10178869
no_formulation,No formulation,70,10,0.39144343,0.108605705
no_formulation,No formulation,71,10,0.38709593,0.09971981
no_formulation,No formulation,72,10,0.38583806,0.082873486
no_formulation,No formulation,73,10,0.42783487,0.069235854
no_formulation,No formulation,74,10,0.38925123,0.09100903
no_formulation,No formulation,75,10,0.4299221,0.11161975
no_formulation,No formulation,76,10,0.35257006,0.087553054
no_formulation,No formulation,77,10,0.39470312,0.10204122
no_formulation,No formulation,78,10,0.3935504,0.095912695
no_formulation,No formulation,79,9,0.4422742,0.06607982
no_formulation,No formulation,80,10,0.41482094,0.1112006
no_formulation,No formulation,81,10,0.4473115,0.08546551
no_formulation,No formulation,82,10,0.44335112,0.09460824
no_formulation,No formulation,83,10,0.34666252,0.065146185
no_formulation,No formulation,84,10,0.39817286,0.097806536
no_formulation,No formulation,85,10,0.4236856,0.074597426
no_formulation,No formulation,86,10,0.38112208,0.07033209
no_formulation,No formulation,87,10,0.4495357,0.075995326
no_formulation,No formulation,88,10,0.39115542,0.07571656
no_formulation,No formulation,89,10,0.42526546,0.057739437
no_formulation,No formulation,90,10,0.41754633,0.12509325
no_formulation,No formulation,91,10,0.3858562,0.07876853
no_formulation,No formulation,92,10,0.41499346,0.084607266
no_formulation,No formulation,93,10,0.4282362,0.08286236
no_formulation,No formulation,94,10,0.45578492,0.065182716
no_formulation,No formulation,95,10,0.3844724,0.06560317
no_formulation,No formulation,96,10,0.46507794,0.095677495
no_formulation,No formulation,97,10,0.5012453,0.09135442
no_formulation,No formulation,98,10,0.42460734,0.10072004
no_formulation,No formulation,99,10,0.4418858,0.1085452
no_formulation,No formulation,100,10,0.40461382,0.09558953
no_formulation,No formulation,101,10,0.3873626,0.077318415
no_formulation,No formulation,102,10,0.40144587,0.11592812
no_formulation,No formulation,103,10,0.4169656,0.098920934
no_formulation,No formulation,104,10,0.4916777,0.12207151
no_formulation,No formulation,105,10,0.44953385,0.085339494
no_formulation,No formulation,106,10,0.46200362,0.0865591
no_formulation,No formulation,107,10,0.43053514,0.10908956
no_formulation,No formulation,108,10,0.40749177,0.09959778
no_formulation,No formulation,109,10,0.44682223,0.08297229
no_formulation,No formulation,110,10,0.39380562,0.07344993
no_formulation,No formulation,111,10,0.50233746,0.07236995
no_formulation,No formulation,112,10,0.44368264,0.093771055
no_formulation,No formulation,113,10,0.4522358,0.07789617
no_formulation,No formulation,114,10,0.43955946,0.0633598
no_formulation,No formulation,115,10,0.47246844,0.061068308
no_formulation,No formulation,116,10,0.44925702,0.1114279
no_formulation,No formulation,117,10,0.46282455,0.121186964
no_formulation,No formulation,118,10,0.429486,0.0863109
no_formulation,No formulation,119,10,0.41660437,0.11914017
no_formulation,No formulation,120,10,0.37361023,0.08896234
no_formulation,No formulation,121,10,0.4011867,0.09214684
no_formulation,No formulation,122,10,0.46206412,0.050146654
no_formulation,No formulation,123,10,0.4444405,0.09050147
no_formulation,No formulation,124,10,0.48258922,0.09492056
no_formulation,No formulation,125,10,0.42874196,0.10511129
no_formulation,No formulation,126,10,0.49244952,0.09228361
no_formulation,No formulation,127,10,0.3423699,0.080178045
no_formulation,No formulation,128,10,0.40540564,0.09048225
no_formulation,No formulation,129,10,0.43558365,0.09938013
no_formulation,No formulation,130,10,0.4055063,0.08076828
no_formulation,No formulation,131,10,0.38518846,0.082219645
no_formulation,No formulation,132,10,0.44755584,0.101868674
no_formulation,No formulation,133,10,0.39777163,0.1334847
no_formulation,No formulation,134,10,0.42121798,0.07323736
no_formulation,No formulation,135,10,0.46222484,0.09719374
no_formulation,No formulation,136,10,0.3710645,0.082646094
no_formulation,No formulation,137,10,0.43682638,0.054905415
no_formulation,No formulation,138,10,0.45508397,0.099667326
no_formulation,No formulation,139,10,0.4008555,0.09477271
no_formulation,No formulation,140,10,0.5494613,0.10540765
no_formulation,No formulation,141,10,0.40783995,0.08412063
no_formulation,No formulation,142,10,0.50152326,0.08397582
no_formulation,No formulation,143,10,0.4234037,0.06481987
no_formulation,No formulation,144,10,0.45770386,0.13036753
no_formulation,No formulation,145,10,0.38807118,0.11118742
no_formulation,No formulation,146,10,0.39710012,0.1162948
no_formulation,No formulation,147,10,0.50126255,0.09913019
no_formulation,No formulation,148,10,0.45711932,0.103241704
no_formulation,No formulation,149,10,0.3539067,0.055559054
no_formulation,No formulation,150,10,0.444878,0.08746228
no_formulation,No formulation,151,10,0.54881096,0.075883426
no_formulation,No formulation,152,10,0.4085448,0.0733314
no_formulation,No formulation,153,10,0.38966668,0.12544267
no_formulation,No formulation,154,10,0.47174883,0.09680313
no_formulation,No formulation,155,10,0.477991,0.1025103
no_formulation,No formulation,156,10,0.3420233,0.06393069
no_formulation,No formulation,157,10,0.45361125,0.07603799
no_formulation,No formulation,158,10,0.39866856,0.085131444
no_formulation,No formulation,159,10,0.41604644,0.16820239
no_formulation,No formulation,160,10,0.4670556,0.10292701
no_formulation,No formulation,161,10,0.4664381,0.092395775
no_formulation,No formulation,162,10,0.43266478,0.08692044
no_formulation,No formulation,163,10,0.44513404,0.09884577
no_formulation,No formulation,164,10,0.42022848,0.09165814
no_formulation,No formulation,165,10,0.43217397,0.086398266
no_formulation,No formulation,166,10,0.38881254,0.13906176
no_formulation,No formulation,167,10,0.41766387,0.081428334
no_formulation,No formulation,168,10,0.4459915,0.064043514
no_formulation,No formulation,169,10,0.45919833,0.08994341
no_formulation,No formulation,170,10,0.40530935,0.09527923
no_formulation,No formulation,171,10,0.38997328,0.08256653
no_formulation,No formulation,172,10,0.40534925,0.104104675
no_formulation,No formulation,173,10,0.38247463,0.117320314
no_formulation,No formulation,174,10,0.47589955,0.10763938
no_formulation,No formulation,175,10,0.3397816,0.1027102
no_formulation,No formulation,176,10,0.381437,0.091651686
no_formulation,No formulation,177,10,0.35625336,0.07690275
no_formulation,No formulation,178,10,0.47792843,0.0983561
no_formulation,No formulation,179,10,0.41122022,0.077457316
no_formulation,No formulation,180,10,0.45335987,0.0853075
no_formulation,No formulation,181,10,0.40941158,0.10444907
no_formulation,No formulation,182,10,0.4436997,0.08941977
no_formulation,No formulation,183,10,0.4100961,0.08223854
no_formulation,No formulation,184,10,0.47995168,0.1137683
no_formulation,No formulation,185,10,0.40287387,0.093088545
no_formulation,No formulation,186,10,0.4000579,0.109255314
no_formulation,No formulation,187,10,0.4521294,0.10237513
no_formulation,No formulation,188,10,0.42154592,0.0977665
no_formulation,No formulation,189,10,0.463072,0.090426214
no_formulation,No formulation,190,10,0.50521004,0.090304345
no_formulation,No formulation,191,10,0.44675386,0.0854389
no_formulation,No formulation,192,10,0.38195583,0.06324066
no_formulation,No formulation,193,10,0.42837986,0.07440418
no_formulation,No formulation,194,10,0.4024877,0.07140313
no_formulation,No formulation,195,10,0.4961789,0.06738468
no_formulation,No formulation,196,10,0.45740044,0.07664821
no_formulation,No formulation,197,10,0.39790192,0.095929794
no_formulation,No formulation,198,10,0.440045,0.086432345
no_formulation,No formulation,199,10,0.44482815,0.10095885
no_formulation,No formulation,200,10,0.43630463,0.10956822
no_formulation,No formulation,201,10,0.46496645,0.08398936
no_formulation,No formulation,202,10,0.40548474,0.07481631
no_formulation,No formulation,203,10,0.4882456,0.14205918
no_formulation,No formulation,204,10,0.47981444,0.09541379
no_formulation,No formulation,205,10,0.4473431,0.10253398
no_formulation,No formulation,206,10,0.37949535,0.117525965
no_formulation,No formulation,207,10,0.43899825,0.09702683
no_formulation,No formulation,208,10,0.4271973,0.09753085
no_formulation,No formulation,209,10,0.46059647,0.08445485
no_formulation,No formulation,210,10,0.42736945,0.1123685
no_formulation,No formulation,211,10,0.3481278,0.09212763
no_formulation,No formulation,212,10,0.47440106,0.10227086
no_formulation,No formulation,213,10,0.4369378,0.12818545
no_formulation,No formulation,214,10,0.49228558,0.104213156
no_formulation,No formulation,215,10,0.45391572,0.09339651
no_formulation,No formulation,216,10,0.41211691,0.09026625
no_formulation,No formulation,217,10,0.4471218,0.062503144
no_formulation,No formulation,218,10,0.434956,0.087310314
no_formulation,No formulation,219,10,0.5056093,0.09090889
no_formulation,No formulation,220,10,0.43811125,0.10150467
no_formulation,No formulation,221,10,0.43713427,0.091924936
no_formulation,No formulation,222,10,0.43848974,0.10328002
no_formulation,No formulation,223,10,0.38233057,0.12150549
no_formulation,No formulation,224,10,0.38522628,0.09875133
no_formulation,No formulation,225,10,0.3386286,0.102335654
no_formulation,No formulation,226,10,0.4868621,0.12935498
no_formulation,No formulation,227,10,0.39477712,0.0933423
no_formulation,No formulation,228,10,0.42730954,0.0983492
no_formulation,No formulation,229,10,0.53519547,0.0956927
no_formulation,No formulation,230,10,0.427539,0.06982789
no_formulation,No formulation,231,10,0.40364304,0.12475578
no_formulation,No formulation,232,10,0.37905234,0.07084772
no_formulation,No formulation,233,10,0.3987661,0.08784995
no_formulation,No formulation,234,10,0.35645938,0.07721717
no_formulation,No formulation,235,10,0.4550466,0.10056893
no_formulation,No formulation,236,10,0.507118,0.084936455
no_formulation,No formulation,237,10,0.4710583,0.09181
no_formulation,No formulation,238,10,0.49350455,0.100779325
no_formulation,No formulation,239,10,0.41441998,0.063665174
no_formulation,No formulation,240,10,0.45260808,0.09488396
no_formulation,No formulation,241,10,0.4058364,0.10325564
no_formulation,No formulation,242,10,0.35696623,0.13061285
no_formulation,No formulation,243,10,0.41957673,0.101886995
no_formulation,No formulation,244,10,0.38812765,0.08812273
no_formulation,No formulation,245,10,0.48014396,0.11960392
no_formulation,No formulation,246,10,0.47748375,0.10061801
no_formulation,No formulation,247,10,0.45103064,0.088928506
no_formulation,No formulation,248,10,0.43458638,0.083063416
no_formulation,No formulation,249,10,0.4305253,0.093728036
no_formulation,No formulation,250,10,0.43553993,0.10060329
no_formulation,No formulation,251,10,0.3419257,0.06697513
no_formulation,No formulation,252,10,0.5206093,0.07328251
no_formulation,No formulation,253,10,0.41469505,0.12143827
no_formulation,No formulation,254,10,0.4826926,0.082754225
no_formulation,No formulation,255,10,0.4332623,0.106446125
no_formulation,No formulation,256,10,0.42304483,0.074703746
no_formulation,No formulation,257,10,0.43627217,0.09444709
no_formulation,No formulation,258,10,0.47842416,0.117594935
no_formulation,No formulation,259,10,0.40106654,0.06915017
no_formulation,No formulation,260,10,0.48331162,0.09830483
no_formulation,No formulation,261,10,0.44234112,0.07049998
no_formulation,No formulation,262,10,0.56179255,0.079972655
no_formulation,No formulation,263,10,0.50174457,0.09496961
no_formulation,No formulation,264,10,0.3365313,0.0709999
no_formulation,No formulation,265,10,0.35614964,0.12025605
no_formulation,No formulation,266,10,0.5563902,0.09619714
no_formulation,No formulation,267,10,0.36996457,0.14023185
no_formulation,No formulation,268,10,0.4081623,0.106750935
no_formulation,No formulation,269,10,0.48577788,0.09905096
no_formulation,No formulation,270,10,0.526178,0.094844654
no_formulation,No formulation,271,10,0.3328037,0.0643611
no_formulation,No formulation,272,10,0.41751823,0.08095345
no_formulation,No formulation,273,10,0.4467655,0.102098994
no_formulation,No formulation,274,10,0.46153116,0.08517912
no_formulation,No formulation,275,10,0.470589,0.09304066
no_formulation,No formulation,276,10,0.46686763,0.098033875
no_formulation,No formulation,277,10,0.39980942,0.08381306
no_formulation,No formulation,278,10,0.46692088,0.091277294
no_formulation,No formulation,279,10,0.45656204,0.10317495
no_formulation,No formulation,280,10,0.42257482,0.10244417
no_formulation,No formulation,281,10,0.45950037,0.093206815
no_formulation,No formulation,282,10,0.43201548,0.10142211
no_formulation,No formulation,283,10,0.3914868,0.05172125
no_formulation,No formulation,284,10,0.3886312,0.10143423
no_formulation,No formulation,285,10,0.46627203,0.106347375
no_formulation,No formulation,286,10,0.42436516,0.11168468
no_formulation,No formulation,287,10,0.35967666,0.07094485
no_formulation,No formulation,288,10,0.45697686,0.09497104
no_formulation,No formulation,289,10,0.356514,0.100654654
no_formulation,No formulation,290,10,0.49456358,0.0983181
no_formulation,No formulation,291,10,0.44674644,0.06846882
no_formulation,No formulation,292,10,0.41872698,0.115704596
no_formulation,No formulation,293,10,0.42894474,0.08565277
no_formulation,No formulation,294,10,0.4946062,0.07432654
no_formulation,No formulation,295,10,0.34464514,0.105371036
no_formulation,No formulation,296,10,0.45718306,0.097185835
no_formulation,No formulation,297,10,0.4132541,0.075409785
no_formulation,No formulation,298,10,0.40694147,0.09162986
no_formulation,No formulation,299,10,0.38195702,0.07785551
no_formulation,No formulation,300,10,0.41212943,0.07697019
no_formulation,No formulation,301,10,0.45712012,0.090060994
no_formulation,No formulation,302,10,0.35360646,0.056099586
no_formulation,No formulation,303,10,0.39641875,0.09570152
no_formulation,No formulation,304,10,0.42555195,0.09489551
no_formulation,No formulation,305,10,0.43867704,0.08727778
no_formulation,No formulation,306,10,0.46729627,0.10327825
no_formulation,No formulation,307,10,0.45318168,0.12393999
no_formulation,No formulation,308,10,0.44805285,0.07349757
no_formulation,No formulation,309,10,0.42423818,0.07494141
no_formulation,No formulation,310,10,0.50624007,0.088926956
no_formulation,No formulation,311,10,0.4213328,0.10658549
no_formulation,No formulation,312,10,0.39733014,0.072248004
no_formulation,No formulation,313,10,0.42525294,0.0852085
no_formulation,No formulation,314,10,0.47877592,0.08618938
no_formulation,No formulation,315,10,0.40612403,0.0699366
no_formulation,No formulation,316,10,0.46198595,0.08358781
no_formulation,No formulation,317,10,0.43589565,0.10443551
no_formulation,No formulation,318,10,0.41448936,0.06612009
no_formulation,No formulation,319,10,0.47190824,0.096421644
no_formulation,No formulation,320,10,0.4741545,0.08361409
no_formulation,No formulation,321,10,0.3832186,0.09645974
no_formulation,No formulation,322,10,0.41161618,0.07413314
no_formulation,No formulation,323,10,0.42237684,0.073583804
no_formulation,No formulation,324,10,0.46423504,0.059477456
no_formulation,No formulation,325,10,0.46539798,0.07129672
no_formulation,No formulation,326,10,0.45088425,0.11935107
no_formulation,No formulation,327,10,0.44046852,0.07554486
no_formulation,No formulation,328,10,0.42734525,0.07091922
no_formulation,No formulation,329,10,0.40275273,0.09465677
no_formulation,No formulation,330,10,0.4337074,0.09360362
no_formulation,No formulation,331,10,0.429195,0.0965029
no_formulation,No formulation,332,10,0.47970328,0.09273577
no_formulation,No formulation,333,10,0.37348685,0.084037274
no_formulation,No formulation,334,10,0.36727536,0.10333056
no_formulation,No formulation,335,10,0.4102014,0.0871462
no_formulation,No formulation,336,10,0.40242487,0.12431571
no_formulation,No formulation,337,10,0.3582347,0.08090271
no_formulation,No formulation,338,10,0.45880178,0.074942924
no_formulation,No formulation,339,10,0.3828118,0.09184356
no_formulation,No formulation,340,10,0.43619564,0.085494675
no_formulation,No formulation,341,10,0.4189606,0.104896545
no_formulation,No formulation,342,10,0.41854838,0.0873706
no_formulation,No formulation,343,10,0.48933762,0.13127065
no_formulation,No formulation,344,10,0.45361412,0.10995733
no_formulation,No formulation,345,10,0.49073824,0.09549426
no_formulation,No formulation,346,10,0.44616395,0.119789444
no_formulation,No formulation,347,10,0.35134685,0.10301611
no_formulation,No formulation,348,10,0.43094814,0.08674927
no_formulation,No formulation,349,10,0.421151,0.089619994
no_formulation,No formulation,350,10,0.517064,0.109846845
no_formulation,No formulation,351,10,0.4381566,0.08562823
no_formulation,No formulation,352,10,0.47869182,0.10992881
no_formulation,No formulation,353,10,0.38753754,0.06657216
no_formulation,No formulation,354,10,0.44551325,0.120137334
no_formulation,No formulation,355,10,0.37680227,0.1082634
no_formulation,No formulation,356,10,0.46963832,0.082959756
no_formulation,No formulation,357,10,0.45044678,0.07224644
no_formulation,No formulation,358,10,0.38790342,0.062070813
no_formulation,No formulation,359,10,0.45728967,0.06791864
no_formulation,No formulation,360,10,0.41991565,0.076093435
no_formulation,No formulation,361,10,0.36636904,0.06859938
no_formulation,No formulation,362,10,0.41556922,0.075011216
no_formulation,No formulation,363,10,0.42290595,0.121052
no_formulation,No formulation,364,10,0.44475237,0.09228864
no_formulation,No formulation,365,10,0.47346485,0.10048822
no_formulation,No formulation,366,10,0.43005043,0.06558218
no_formulation,No formulation,367,10,0.39664742,0.08660348
no_formulation,No formulation,368,10,0.44516554,0.10502142
no_formulation,No formulation,369,10,0.51783437,0.21702407
no_formulation,No formulation,370,10,0.3952783,0.0896636
no_formulation,No formulation,371,10,0.4354993,0.08502029
no_formulation,No formulation,372,10,0.39436784,0.06285936
no_formulation,No formulation,373,10,0.4295516,0.111683555
no_formulation,No formulation,374,10,0.4549413,0.09745967
no_formulation,No formulation,375,10,0.4115146,0.07907712
no_formulation,No formulation,376,10,0.41009468,0.0811592
no_formulation,No formulation,377,10,0.45400843,0.12065593
no_formulation,No formulation,378,10,0.42752507,0.079464115
no_formulation,No formulation,379,10,0.41306877,0.10296256
no_formulation,No formulation,380,10,0.45994174,0.09537484
no_formulation,No formulation,381,10,0.5129408,0.07930848
no_formulation,No formulation,382,10,0.43978116,0.0773059
no_formulation,No formulation,383,10,0.44926915,0.07563541
no_formulation,No formulation,384,10,0.42154485,0.10275121
no_formulation,No formulation,385,10,0.37932226,0.10293954
no_formulation,No formulation,386,10,0.46362013,0.10911588
no_formulation,No formulation,387,10,0.4456326,0.08063791
no_formulation,No formulation,388,10,0.46676698,0.11292622
no_formulation,No formulation,389,10,0.39878544,0.109529175
no_formulation,No formulation,390,10,0.4080661,0.12010265
no_formulation,No formulation,391,10,0.39757317,0.06719032
no_formulation,No formulation,392,10,0.45760414,0.08983715
no_formulation,No formulation,393,10,0.4680154,0.069853246
no_formulation,No formulation,394,10,0.40951458,0.087207474
no_formulation,No formulation,395,10,0.42520323,0.080120176
no_formulation,No formulation,396,10,0.44365942,0.12030996
no_formulation,No formulation,397,10,0.44962257,0.094795406
no_formulation,No formulation,398,10,0.46579692,0.088918276
no_formulation,No formulation,399,10,0.48020613,0.09080529
no_formulation,No formulation,400,10,0.4671397,0.100456916
no_formulation,No formulation,401,10,0.45280534,0.08457527
no_formulation,No formulation,402,10,0.48766038,0.070759304
no_formulation,No formulation,403,10,0.4544293,0.08336705
no_formulation,No formulation,404,10,0.4424068,0.066028655
no_formulation,No formulation,405,10,0.46138465,0.085079074
no_formulation,No formulation,406,10,0.4504213,0.09057771
no_formulation,No formulation,407,10,0.36409682,0.10050292
no_formulation,No formulation,408,10,0.42313674,0.08843759
no_formulation,No formulation,409,10,0.4254318,0.12610358
no_formulation,No formulation,410,10,0.37409016,0.07494595
no_formulation,No formulation,411,10,0.48172528,0.12609214
no_formulation,No formulation,412,10,0.46135217,0.09712837
no_formulation,No formulation,413,10,0.4199382,0.08373132
no_formulation,No formulation,414,10,0.33156613,0.10986869
no_formulation,No formulation,415,10,0.46631914,0.08046957
no_formulation,No formulation,416,10,0.43755725,0.101532064
no_formulation,No formulation,417,10,0.3765044,0.11190456
no_formulation,No formulation,418,10,0.47746778,0.08424258
no_formulation,No formulation,419,10,0.4433561,0.056211162
no_formulation,No formulation,420,10,0.38712615,0.06419783
no_formulation,No formulation,421,10,0.40382865,0.12347843
no_formulation,No formulation,422,10,0.49522802,0.11071796
no_formulation,No formulation,423,10,0.3956872,0.09633668
no_formulation,No formulation,424,10,0.4202678,0.083804436
no_formulation,No formulation,425,10,0.4753187,0.08491342
no_formulation,No formulation,426,10,0.4427654,0.102626204
no_formulation,No formulation,427,10,0.4509751,0.08010083
no_formulation,No formulation,428,10,0.47019398,0.08302945
no_formulation,No formulation,429,10,0.47786543,0.11525131
no_formulation,No formulation,430,10,0.45265096,0.10448486
no_formulation,No formulation,431,10,0.43709612,0.096635155
no_formulation,No formulation,432,10,0.47659403,0.091310024
no_formulation,No formulation,433,10,0.45881334,0.09483906
no_formulation,No formulation,434,10,0.45400617,0.073347814
no_formulation,No formulation,435,10,0.44165692,0.067593016
no_formulation,No formulation,436,10,0.44285962,0.09012307
no_formulation,No formulation,437,10,0.44445372,0.09841957
no_formulation,No formulation,438,10,0.38973698,0.082212396
no_formulation,No formulation,439,10,0.4065335,0.094257094
no_formulation,No formulation,440,10,0.49040827,0.08610926
no_formulation,No formulation,441,10,0.4435235,0.07904918
no_formulation,No formulation,442,10,0.4739499,0.09651128
no_formulation,No formulation,443,10,0.48807716,0.11481606
no_formulation,No formulation,444,10,0.3948518,0.09355392
no_formulation,No formulation,445,10,0.4668724,0.08398013
no_formulation,No formulation,446,10,0.48316413,0.08158121
no_formulation,No formulation,447,10,0.4217748,0.119203195
no_formulation,No formulation,448,10,0.4267728,0.09389256
no_formulation,No formulation,449,10,0.44106182,0.12975092
no_formulation,No formulation,450,10,0.37157267,0.09545152
no_formulation,No formulation,451,10,0.33186945,0.090351894
no_formulation,No formulation,452,10,0.5134889,0.10232174
no_formulation,No formulation,453,10,0.43639734,0.09779612
no_formulation,No formulation,454,10,0.4226195,0.113416776
no_formulation,No formulation,455,10,0.38380072,0.1056885
no_formulation,No formulation,456,10,0.46470845,0.08684203
no_formulation,No formulation,457,10,0.38534015,0.06441707
no_formulation,No formulation,458,10,0.40689167,0.09710255
no_formulation,No formulation,459,10,0.42710796,0.11554758
no_formulation,No formulation,460,10,0.4860401,0.104869425
no_formulation,No formulation,461,10,0.44689366,0.10350541
no_formulation,No formulation,462,10,0.4575682,0.10324064
no_formulation,No formulation,463,10,0.45764303,0.102331966
no_formulation,No formulation,464,10,0.42210189,0.114570685
no_formulation,No formulation,465,10,0.4361188,0.095280044
no_formulation,No formulation,466,10,0.43982488,0.05848583
no_formulation,No formulation,467,10,0.42735726,0.086273484
no_formulation,No formulation,468,10,0.42821613,0.09152608
no_formulation,No formulation,469,10,0.35296807,0.07082672
no_formulation,No formulation,470,10,0.4176127,0.096624814
no_formulation,No formulation,471,10,0.4654492,0.087647304
no_formulation,No formulation,472,10,0.4160603,0.11738734
no_formulation,No formulation,473,10,0.45404005,0.07678498
no_formulation,No formulation,474,10,0.4106343,0.11606491
no_formulation,No formulation,475,10,0.42471024,0.09259369
no_formulation,No formulation,476,10,0.38724792,0.09915996
no_formulation,No formulation,477,10,0.41464925,0.08114335
no_formulation,No formulation,478,10,0.41483387,0.102168106
no_formulation,No formulation,479,10,0.41350237,0.095043994
no_formulation,No formulation,480,10,0.39794558,0.13241906
no_formulation,No formulation,481,10,0.4218445,0.083427325
no_formulation,No formulation,482,10,0.39997178,0.06789566
no_formulation,No formulation,483,10,0.38614467,0.13345566
no_formulation,No formulation,484,10,0.4536803,0.07731006
no_formulation,No formulation,485,10,0.42460826,0.092999876
no_formulation,No formulation,486,10,0.48221207,0.08747427
no_formulation,No formulation,487,10,0.46708977,0.13144195
no_formulation,No formulation,488,10,0.40028733,0.0977267
no_formulation,No formulation,489,10,0.47694656,0.09263232
no_formulation,No formulation,490,10,0.43349236,0.11536247
no_formulation,No formulation,491,10,0.4466654,0.090593986
no_formulation,No formulation,492,10,0.48947322,0.087827906
no_formulation,No formulation,493,10,0.49681532,0.11882092
no_formulation,No formulation,494,10,0.44999775,0.08818878
no_formulation,No formulation,495,10,0.33243504,0.097444996
no_formulation,No formulation,496,10,0.46241006,0.11352618
no_formulation,No formulation,497,10,0.36869332,0.11573921
no_formulation,No formulation,498,10,0.4355579,0.09069637
no_formulation,No formulation,499,10,0.43797082,0.08513055
no_formulation,No formulation,500,10,0.36216554,0.07460225
zero_shot,Zero-shot,1,10,0.4845946,0.09465097
zero_shot,Zero-shot,2,10,0.46289095,0.1159893
zero_shot,Zero-shot,3,10,0.48819384,0.09184317
zero_shot,Zero-shot,4,10,0.4455418,0.081498586
zero_shot,Zero-shot,5,10,0.49592543,0.09020211
zero_shot,Zero-shot,6,10,0.3834166,0.08280816
zero_shot,Zero-shot,7,10,0.42092583,0.09458975
zero_shot,Zero-shot,8,10,0.49863723,0.10128694
zero_shot,Zero-shot,9,10,0.42898157,0.09056911
zero_shot,Zero-shot,10,10,0.5012488,0.08072695
zero_shot,Zero-shot,11,10,0.40723538,0.07536405
zero_shot,Zero-shot,12,10,0.3772119,0.07563557
zero_shot,Zero-shot,13,10,0.4013871,0.08373563
zero_shot,Zero-shot,14,10,0.39675754,0.12231159
zero_shot,Zero-shot,15,10,0.44317147,0.0757726
zero_shot,Zero-shot,16,10,0.42479923,0.06925476
zero_shot,Zero-shot,17,10,0.47229525,0.10745716
zero_shot,Zero-shot,18,10,0.43791467,0.08332001
zero_shot,Zero-shot,19,10,0.43737766,0.09110979
zero_shot,Zero-shot,20,10,0.4020105,0.11190566
zero_shot,Zero-shot,21,10,0.5119259,0.10985726
zero_shot,Zero-shot,22,10,0.4389872,0.0971227
zero_shot,Zero-shot,23,10,0.3867814,0.08771264
zero_shot,Zero-shot,24,10,0.41376492,0.09015539
zero_shot,Zero-shot,25,10,0.4326099,0.088032626
zero_shot,Zero-shot,26,10,0.46784303,0.10314126
zero_shot,Zero-shot,27,10,0.47072083,0.09644473
zero_shot,Zero-shot,28,10,0.476226,0.081753984
zero_shot,Zero-shot,29,10,0.42743805,0.09628146
zero_shot,Zero-shot,30,10,0.44483474,0.085889906
zero_shot,Zero-shot,31,10,0.5021136,0.09489741
zero_shot,Zero-shot,32,10,0.42141995,0.065193504
zero_shot,Zero-shot,33,10,0.4048185,0.09913702
zero_shot,Zero-shot,34,10,0.41218287,0.070098266
zero_shot,Zero-shot,35,10,0.44213837,0.10167271
zero_shot,Zero-shot,36,10,0.42267773,0.09172994
zero_shot,Zero-shot,37,10,0.3738174,0.08745215
zero_shot,Zero-shot,38,10,0.52779007,0.10560898
zero_shot,Zero-shot,39,10,0.46583626,0.063333936
zero_shot,Zero-shot,40,10,0.39174178,0.07068956
zero_shot,Zero-shot,41,10,0.44678333,0.07335758
zero_shot,Zero-shot,42,10,0.48422012,0.085117996
zero_shot,Zero-shot,43,10,0.49987423,0.105528265
zero_shot,Zero-shot,44,10,0.36344972,0.072532095
zero_shot,Zero-shot,45,10,0.4870772,0.09045713
zero_shot,Zero-shot,46,10,0.4363807,0.105784446
zero_shot,Zero-shot,47,10,0.4349979,0.09140725
zero_shot,Zero-shot,48,10,0.44730848,0.08387826
zero_shot,Zero-shot,49,10,0.53363675,0.08615045
zero_shot,Zero-shot,50,10,0.40254575,0.093400374
zero_shot,Zero-shot,51,10,0.39295197,0.07476869
zero_shot,Zero-shot,52,10,0.4835486,0.096177876
zero_shot,Zero-shot,53,10,0.4818902,0.074162915
zero_shot,Zero-shot,54,10,0.41272864,0.08773373
zero_shot,Zero-shot,55,10,0.45209008,0.08730472
zero_shot,Zero-shot,56,10,0.43846098,0.091416664
zero_shot,Zero-shot,57,10,0.4583637,0.07902442
zero_shot,Zero-shot,58,10,0.42619628,0.09881525
zero_shot,Zero-shot,59,10,0.41236806,0.086118996
zero_shot,Zero-shot,60,10,0.42975113,0.07817855
zero_shot,Zero-shot,61,10,0.47499081,0.081578515
zero_shot,Zero-shot,62,10,0.4438323,0.08823688
zero_shot,Zero-shot,63,10,0.39375344,0.06866031
zero_shot,Zero-shot,64,10,0.4407116,0.12518911
zero_shot,Zero-shot,65,10,0.42660713,0.084963195
zero_shot,Zero-shot,66,10,0.4466313,0.0927402
zero_shot,Zero-shot,67,10,0.42781842,0.09819676
zero_shot,Zero-shot,68,10,0.391397,0.08515218
zero_shot,Zero-shot,69,10,0.42463756,0.11255911
zero_shot,Zero-shot,70,10,0.439452,0.0704359
zero_shot,Zero-shot,71,10,0.43294686,0.09362983
zero_shot,Zero-shot,72,10,0.39915144,0.066824324
zero_shot,Zero-shot,73,10,0.44058567,0.06703786
zero_shot,Zero-shot,74,10,0.43379927,0.08132883
zero_shot,Zero-shot,75,10,0.41690162,0.0773096
zero_shot,Zero-shot,76,10,0.50047046,0.099591345
zero_shot,Zero-shot,77,10,0.39904517,0.097745076
zero_shot,Zero-shot,78,10,0.49390242,0.09176323
zero_shot,Zero-shot,79,10,0.46428376,0.09596854
zero_shot,Zero-shot,80,9,0.43836313,0.06757691
zero_shot,Zero-shot,81,10,0.44956055,0.08892642
zero_shot,Zero-shot,82,10,0.46027246,0.08162285
zero_shot,Zero-shot,83,10,0.36792365,0.09158121
zero_shot,Zero-shot,84,10,0.4374473,0.09987361
zero_shot,Zero-shot,85,10,0.41390768,0.06664892
zero_shot,Zero-shot,86,10,0.3868096,0.07447025
zero_shot,Zero-shot,87,10,0.46281978,0.081903376
zero_shot,Zero-shot,88,10,0.35834402,0.074962385
zero_shot,Zero-shot,89,10,0.39447165,0.08572112
zero_shot,Zero-shot,90,10,0.46859282,0.09172717
zero_shot,Zero-shot,91,10,0.4392365,0.101218574
zero_shot,Zero-shot,92,10,0.44117084,0.089626655
zero_shot,Zero-shot,93,10,0.44096625,0.07201674
zero_shot,Zero-shot,94,10,0.43841988,0.114089444
zero_shot,Zero-shot,95,10,0.43297425,0.10942139
zero_shot,Zero-shot,96,10,0.48975143,0.12030666
zero_shot,Zero-shot,97,9,0.49113315,0.10268941
zero_shot,Zero-shot,98,10,0.44064292,0.07322136
zero_shot,Zero-shot,99,10,0.4482674,0.06813771
zero_shot,Zero-shot,100,10,0.42800313,0.070951074
zero_shot,Zero-shot,101,10,0.38053402,0.064002566
zero_shot,Zero-shot,102,10,0.39575145,0.0903063
zero_shot,Zero-shot,103,10,0.48185748,0.08514643
zero_shot,Zero-shot,104,10,0.49578097,0.07882775
zero_shot,Zero-shot,105,9,0.39691254,0.07126909
zero_shot,Zero-shot,106,10,0.51759845,0.08087424
zero_shot,Zero-shot,107,10,0.4384385,0.103957444
zero_shot,Zero-shot,108,10,0.4250684,0.08569917
zero_shot,Zero-shot,109,10,0.40058827,0.08187093
zero_shot,Zero-shot,110,10,0.43430892,0.058363337
zero_shot,Zero-shot,111,10,0.5421329,0.08535738
zero_shot,Zero-shot,112,10,0.47570392,0.0932448
zero_shot,Zero-shot,113,10,0.4168413,0.09773254
zero_shot,Zero-shot,114,10,0.44663918,0.077821776
zero_shot,Zero-shot,115,10,0.48837444,0.100839496
zero_shot,Zero-shot,116,10,0.4123707,0.114524744
zero_shot,Zero-shot,117,10,0.47258887,0.06596548
zero_shot,Zero-shot,118,10,0.4790749,0.09684083
zero_shot,Zero-shot,119,10,0.45739546,0.103922784
zero_shot,Zero-shot,120,10,0.41416326,0.093986295
zero_shot,Zero-shot,121,10,0.3972752,0.086615846
zero_shot,Zero-shot,122,10,0.45029137,0.0732539
zero_shot,Zero-shot,123,10,0.43675113,0.07786138
zero_shot,Zero-shot,124,9,0.54860824,0.07446126
zero_shot,Zero-shot,125,10,0.50070435,0.09434723
zero_shot,Zero-shot,126,10,0.46413153,0.11049781
zero_shot,Zero-shot,127,10,0.39501283,0.103633285
zero_shot,Zero-shot,128,10,0.43704948,0.07918896
zero_shot,Zero-shot,129,9,0.47197798,0.10454776
zero_shot,Zero-shot,130,10,0.4086043,0.0846644
zero_shot,Zero-shot,131,10,0.38400704,0.075887
zero_shot,Zero-shot,132,10,0.4521664,0.122325666
zero_shot,Zero-shot,133,10,0.45872024,0.08983262
zero_shot,Zero-shot,134,10,0.43670756,0.09422555
zero_shot,Zero-shot,135,10,0.44867325,0.09203633
zero_shot,Zero-shot,136,10,0.428525,0.12239135
zero_shot,Zero-shot,137,10,0.40672463,0.07382142
zero_shot,Zero-shot,138,10,0.44368932,0.08612081
zero_shot,Zero-shot,139,10,0.46554488,0.10765745
zero_shot,Zero-shot,140,10,0.4670056,0.08082504
zero_shot,Zero-shot,141,10,0.40418595,0.0690644
zero_shot,Zero-shot,142,10,0.44239423,0.11515732
zero_shot,Zero-shot,143,10,0.42316946,0.080633104
zero_shot,Zero-shot,144,10,0.5395195,0.087338686
zero_shot,Zero-shot,145,10,0.44141948,0.08801862
zero_shot,Zero-shot,146,10,0.3866466,0.08260466
zero_shot,Zero-shot,147,10,0.45759913,0.09595461
zero_shot,Zero-shot,148,10,0.48039338,0.095172636
zero_shot,Zero-shot,149,10,0.36247033,0.075239524
zero_shot,Zero-shot,150,10,0.42240706,0.10902618
zero_shot,Zero-shot,151,10,0.48359245,0.12017322
zero_shot,Zero-shot,152,10,0.45191395,0.10414791
zero_shot,Zero-shot,153,10,0.4157421,0.10706196
zero_shot,Zero-shot,154,10,0.48441052,0.105446704
zero_shot,Zero-shot,155,10,0.45090002,0.08059182
zero_shot,Zero-shot,156,10,0.3874288,0.07547358
zero_shot,Zero-shot,157,10,0.429398,0.07737667
zero_shot,Zero-shot,158,10,0.4627285,0.09472433
zero_shot,Zero-shot,159,10,0.46619323,0.08833812
zero_shot,Zero-shot,160,10,0.45328602,0.06995511
zero_shot,Zero-shot,161,10,0.4693941,0.1084275
zero_shot,Zero-shot,162,10,0.42704192,0.06854691
zero_shot,Zero-shot,163,10,0.42589727,0.09871937
zero_shot,Zero-shot,164,10,0.38655403,0.083186045
zero_shot,Zero-shot,165,10,0.43997633,0.0678997
zero_shot,Zero-shot,166,10,0.50146973,0.109410614
zero_shot,Zero-shot,167,10,0.46722057,0.078728326
zero_shot,Zero-shot,168,10,0.4273393,0.08914782
zero_shot,Zero-shot,169,10,0.3919937,0.07728877
zero_shot,Zero-shot,170,10,0.39224514,0.09365027
zero_shot,Zero-shot,171,10,0.40874523,0.08093447
zero_shot,Zero-shot,172,10,0.445627,0.08543725
zero_shot,Zero-shot,173,9,0.47954738,0.090982296
zero_shot,Zero-shot,174,10,0.45130742,0.089349575
zero_shot,Zero-shot,175,10,0.39957646,0.069176815
zero_shot,Zero-shot,176,10,0.35142052,0.0630712
zero_shot,Zero-shot,177,10,0.36128294,0.0835894
zero_shot,Zero-shot,178,10,0.43940732,0.094427586
zero_shot,Zero-shot,179,10,0.42212015,0.107869096
zero_shot,Zero-shot,180,10,0.4351835,0.09937906
zero_shot,Zero-shot,181,10,0.46891654,0.10981402
zero_shot,Zero-shot,182,10,0.4448514,0.09141705
zero_shot,Zero-shot,183,10,0.40138373,0.09912082
zero_shot,Zero-shot,184,10,0.49370554,0.075623386
zero_shot,Zero-shot,185,10,0.41017726,0.1003881
zero_shot,Zero-shot,186,10,0.41266283,0.081622474
zero_shot,Zero-shot,187,10,0.4675476,0.12540495
zero_shot,Zero-shot,188,10,0.38234055,0.08937967
zero_shot,Zero-shot,189,10,0.41334453,0.085627645
zero_shot,Zero-shot,190,10,0.46360677,0.095154025
zero_shot,Zero-shot,191,10,0.3925914,0.0737509
zero_shot,Zero-shot,192,10,0.37734815,0.1040925
zero_shot,Zero-shot,193,10,0.42550328,0.06464678
zero_shot,Zero-shot,194,10,0.45338097,0.08427588
zero_shot,Zero-shot,195,10,0.505241,0.10518268
zero_shot,Zero-shot,196,10,0.4344076,0.0776535
zero_shot,Zero-shot,197,10,0.5216231,0.13453463
zero_shot,Zero-shot,198,10,0.4476407,0.11767644
zero_shot,Zero-shot,199,10,0.42709523,0.065200865
zero_shot,Zero-shot,200,10,0.44183633,0.09689773
zero_shot,Zero-shot,201,10,0.42556483,0.11632154
zero_shot,Zero-shot,202,10,0.42111084,0.08373467
zero_shot,Zero-shot,203,10,0.48643383,0.08723966
zero_shot,Zero-shot,204,10,0.43562138,0.07477666
zero_shot,Zero-shot,205,10,0.4992663,0.105566315
zero_shot,Zero-shot,206,10,0.39189708,0.091987334
zero_shot,Zero-shot,207,10,0.4578749,0.13144735
zero_shot,Zero-shot,208,10,0.46370757,0.09521824
zero_shot,Zero-shot,209,10,0.4116549,0.07519762
zero_shot,Zero-shot,210,10,0.4270898,0.09172997
zero_shot,Zero-shot,211,10,0.34248865,0.10023677
zero_shot,Zero-shot,212,10,0.44929996,0.11570782
zero_shot,Zero-shot,213,10,0.46627107,0.102105804
zero_shot,Zero-shot,214,10,0.5174571,0.10658419
zero_shot,Zero-shot,215,10,0.43387896,0.088853255
zero_shot,Zero-shot,216,10,0.3971726,0.06152011
zero_shot,Zero-shot,217,10,0.49121162,0.09570286
zero_shot,Zero-shot,218,10,0.48676407,0.1095613
zero_shot,Zero-shot,219,10,0.4431624,0.087385446
zero_shot,Zero-shot,220,10,0.4222066,0.08314821
zero_shot,Zero-shot,221,10,0.48453814,0.07598778
zero_shot,Zero-shot,222,10,0.43657607,0.09489474
zero_shot,Zero-shot,223,10,0.46556282,0.11362989
zero_shot,Zero-shot,224,10,0.37509397,0.07980508
zero_shot,Zero-shot,225,10,0.40151706,0.087624505
zero_shot,Zero-shot,226,10,0.4620046,0.07460433
zero_shot,Zero-shot,227,10,0.3964093,0.07618714
zero_shot,Zero-shot,228,10,0.4404029,0.06668684
zero_shot,Zero-shot,229,10,0.49536937,0.08066865
zero_shot,Zero-shot,230,10,0.45691714,0.07770934
zero_shot,Zero-shot,231,10,0.43780103,0.1118047
zero_shot,Zero-shot,232,10,0.4331126,0.08361014
zero_shot,Zero-shot,233,9,0.39712813,0.083544
zero_shot,Zero-shot,234,10,0.41368723,0.07352612
zero_shot,Zero-shot,235,10,0.44192854,0.08566758
zero_shot,Zero-shot,236,10,0.44746417,0.07664844
zero_shot,Zero-shot,237,10,0.439412,0.08239701
zero_shot,Zero-shot,238,10,0.46167216,0.11144448
zero_shot,Zero-shot,239,10,0.46315786,0.09428566
zero_shot,Zero-shot,240,10,0.47107553,0.082808115
zero_shot,Zero-shot,241,10,0.44322824,0.06750984
zero_shot,Zero-shot,242,10,0.50457406,0.103496194
zero_shot,Zero-shot,243,9,0.44183376,0.08092738
zero_shot,Zero-shot,244,10,0.41025826,0.07808234
zero_shot,Zero-shot,245,10,0.42299765,0.09767078
zero_shot,Zero-shot,246,9,0.44234103,0.07802571
zero_shot,Zero-shot,247,10,0.43279836,0.09816123
zero_shot,Zero-shot,248,9,0.4146952,0.07642989
zero_shot,Zero-shot,249,10,0.39848286,0.07529249
zero_shot,Zero-shot,250,10,0.4193641,0.074887544
zero_shot,Zero-shot,251,10,0.37186274,0.079102874
zero_shot,Zero-shot,252,10,0.48926646,0.08942336
zero_shot,Zero-shot,253,10,0.50758296,0.1017944
zero_shot,Zero-shot,254,10,0.43762943,0.09675562
zero_shot,Zero-shot,255,9,0.4621021,0.09981096
zero_shot,Zero-shot,256,10,0.41766465,0.08228161
zero_shot,Zero-shot,257,10,0.51694506,0.11301602
zero_shot,Zero-shot,258,10,0.46135223,0.08418538
zero_shot,Zero-shot,259,10,0.43705174,0.07427083
zero_shot,Zero-shot,260,10,0.5023067,0.104338385
zero_shot,Zero-shot,261,10,0.41148627,0.06559957
zero_shot,Zero-shot,262,10,0.48809025,0.08581457
zero_shot,Zero-shot,263,10,0.43821156,0.075412266
zero_shot,Zero-shot,264,10,0.38327718,0.09306801
zero_shot,Zero-shot,265,10,0.48262846,0.09014876
zero_shot,Zero-shot,266,10,0.47876018,0.07852467
zero_shot,Zero-shot,267,10,0.44218567,0.09055341
zero_shot,Zero-shot,268,10,0.49291322,0.07986548
zero_shot,Zero-shot,269,10,0.43589067,0.09123598
zero_shot,Zero-shot,270,10,0.49043557,0.07478578
zero_shot,Zero-shot,271,10,0.36103874,0.07420565
zero_shot,Zero-shot,272,10,0.38155267,0.07905292
zero_shot,Zero-shot,273,10,0.4252988,0.09928558
zero_shot,Zero-shot,274,10,0.4559275,0.08409998
zero_shot,Zero-shot,275,10,0.47245887,0.09851789
zero_shot,Zero-shot,276,10,0.42309487,0.07341255
zero_shot,Zero-shot,277,10,0.4416542,0.0836992
zero_shot,Zero-shot,278,10,0.47759968,0.08483274
zero_shot,Zero-shot,279,10,0.48321453,0.1027106
zero_shot,Zero-shot,280,10,0.44506678,0.10343992
zero_shot,Zero-shot,281,10,0.5038251,0.08803254
zero_shot,Zero-shot,282,10,0.42767125,0.09537513
zero_shot,Zero-shot,283,10,0.38788927,0.08742641
zero_shot,Zero-shot,284,10,0.45138752,0.11125437
zero_shot,Zero-shot,285,10,0.4134925,0.085916705
zero_shot,Zero-shot,286,9,0.40553987,0.11266929
zero_shot,Zero-shot,287,10,0.46154442,0.09166865
zero_shot,Zero-shot,288,10,0.42956114,0.088257775
zero_shot,Zero-shot,289,10,0.33799145,0.05723315
zero_shot,Zero-shot,290,10,0.41015282,0.07173477
zero_shot,Zero-shot,291,10,0.475733,0.08165561
zero_shot,Zero-shot,292,10,0.42327473,0.07926928
zero_shot,Zero-shot,293,10,0.48811892,0.113243036
zero_shot,Zero-shot,294,10,0.46757504,0.0981867
zero_shot,Zero-shot,295,10,0.46582735,0.10153275
zero_shot,Zero-shot,296,10,0.3791601,0.057594996
zero_shot,Zero-shot,297,10,0.3975594,0.10735862
zero_shot,Zero-shot,298,10,0.4279946,0.079162054
zero_shot,Zero-shot,299,10,0.4655852,0.09701327
zero_shot,Zero-shot,300,10,0.35840246,0.07052479
zero_shot,Zero-shot,301,10,0.43609017,0.065910906
zero_shot,Zero-shot,302,10,0.36371624,0.068441644
zero_shot,Zero-shot,303,10,0.43401015,0.11734532
zero_shot,Zero-shot,304,10,0.4506069,0.10197831
zero_shot,Zero-shot,305,10,0.46074617,0.08050717
zero_shot,Zero-shot,306,10,0.447079,0.11076977
zero_shot,Zero-shot,307,10,0.4546097,0.08738859
zero_shot,Zero-shot,308,10,0.4063755,0.101890445
zero_shot,Zero-shot,309,10,0.47919792,0.094404235
zero_shot,Zero-shot,310,10,0.44844148,0.08143342
zero_shot,Zero-shot,311,10,0.44360664,0.094047755
zero_shot,Zero-shot,312,10,0.4246521,0.10109439
zero_shot,Zero-shot,313,10,0.43750575,0.08201555
zero_shot,Zero-shot,314,10,0.41887274,0.102782525
zero_shot,Zero-shot,315,10,0.4048298,0.10962492
zero_shot,Zero-shot,316,10,0.52460265,0.12045706
zero_shot,Zero-shot,317,10,0.39887238,0.07457998
zero_shot,Zero-shot,318,10,0.40561032,0.064509064
zero_shot,Zero-shot,319,10,0.46196476,0.09785787
zero_shot,Zero-shot,320,10,0.40816396,0.08494891
zero_shot,Zero-shot,321,10,0.43658507,0.085717455
zero_shot,Zero-shot,322,10,0.42583296,0.08333076
zero_shot,Zero-shot,323,10,0.4517523,0.082970686
zero_shot,Zero-shot,324,10,0.45680153,0.081173345
zero_shot,Zero-shot,325,10,0.44844037,0.095929004
zero_shot,Zero-shot,326,10,0.44354802,0.090076
zero_shot,Zero-shot,327,10,0.44746593,0.067168206
zero_shot,Zero-shot,328,10,0.45164463,0.09532186
zero_shot,Zero-shot,329,10,0.43617737,0.09919605
zero_shot,Zero-shot,330,10,0.45891875,0.07453487
zero_shot,Zero-shot,331,10,0.4303112,0.0911137
zero_shot,Zero-shot,332,10,0.42070186,0.06980713
zero_shot,Zero-shot,333,10,0.44933483,0.10093623
zero_shot,Zero-shot,334,10,0.47249806,0.08305909
zero_shot,Zero-shot,335,10,0.42317602,0.07853274
zero_shot,Zero-shot,336,10,0.44567287,0.08615015
zero_shot,Zero-shot,337,10,0.41700998,0.11539638
zero_shot,Zero-shot,338,10,0.5032961,0.092060626
zero_shot,Zero-shot,339,10,0.43068612,0.09487416
zero_shot,Zero-shot,340,10,0.3972343,0.06490124
zero_shot,Zero-shot,341,10,0.43716803,0.08416564
zero_shot,Zero-shot,342,10,0.4299875,0.092742495
zero_shot,Zero-shot,343,10,0.38744584,0.076393664
zero_shot,Zero-shot,344,10,0.440699,0.093917556
zero_shot,Zero-shot,345,10,0.44510493,0.074130066
zero_shot,Zero-shot,346,10,0.5022622,0.088538475
zero_shot,Zero-shot,347,10,0.4352905,0.08550065
zero_shot,Zero-shot,348,10,0.42494616,0.07895478
zero_shot,Zero-shot,349,10,0.44384313,0.075572915
zero_shot,Zero-shot,350,10,0.4117036,0.10712674
zero_shot,Zero-shot,351,10,0.3591382,0.07434947
zero_shot,Zero-shot,352,10,0.45500684,0.09709993
zero_shot,Zero-shot,353,10,0.44701716,0.08503159
zero_shot,Zero-shot,354,10,0.3258832,0.071477905
zero_shot,Zero-shot,355,10,0.40610963,0.06481985
zero_shot,Zero-shot,356,10,0.48254958,0.099008776
zero_shot,Zero-shot,357,10,0.41922045,0.08696607
zero_shot,Zero-shot,358,10,0.41675183,0.06615168
zero_shot,Zero-shot,359,10,0.47071755,0.104198344
zero_shot,Zero-shot,360,10,0.40059227,0.087616965
zero_shot,Zero-shot,361,10,0.44032872,0.091021076
zero_shot,Zero-shot,362,10,0.42233396,0.06637956
zero_shot,Zero-shot,363,10,0.39658055,0.09189997
zero_shot,Zero-shot,364,10,0.4971503,0.12998776
zero_shot,Zero-shot,365,10,0.4397108,0.11188452
zero_shot,Zero-shot,366,10,0.4154877,0.05441831
zero_shot,Zero-shot,367,10,0.4725307,0.08825376
zero_shot,Zero-shot,368,10,0.47172597,0.068760715
zero_shot,Zero-shot,369,10,0.4580465,0.08942677
zero_shot,Zero-shot,370,10,0.45664507,0.08031029
zero_shot,Zero-shot,371,10,0.44629458,0.06367736
zero_shot,Zero-shot,372,10,0.4346603,0.10127797
zero_shot,Zero-shot,373,10,0.3689685,0.07223616
zero_shot,Zero-shot,374,10,0.49038237,0.09820853
zero_shot,Zero-shot,375,10,0.37570882,0.06927632
zero_shot,Zero-shot,376,10,0.5030976,0.09302269
zero_shot,Zero-shot,377,10,0.5043718,0.09542706
zero_shot,Zero-shot,378,10,0.45347095,0.084539294
zero_shot,Zero-shot,379,10,0.43494046,0.08978598
zero_shot,Zero-shot,380,10,0.44032437,0.07093769
zero_shot,Zero-shot,381,10,0.5234672,0.09197135
zero_shot,Zero-shot,382,10,0.48517546,0.120002605
zero_shot,Zero-shot,383,10,0.4141991,0.09464009
zero_shot,Zero-shot,384,10,0.42479858,0.09347501
zero_shot,Zero-shot,385,10,0.4717047,0.081435926
zero_shot,Zero-shot,386,10,0.52617186,0.10666586
zero_shot,Zero-shot,387,10,0.46080527,0.088554695
zero_shot,Zero-shot,388,10,0.4003421,0.059464872
zero_shot,Zero-shot,389,10,0.4771823,0.08969827
zero_shot,Zero-shot,390,10,0.49600738,0.10966112
zero_shot,Zero-shot,391,10,0.42485029,0.08129266
zero_shot,Zero-shot,392,10,0.48451596,0.088670574
zero_shot,Zero-shot,393,10,0.44387338,0.10687935
zero_shot,Zero-shot,394,10,0.4467447,0.08162515
zero_shot,Zero-shot,395,10,0.4178154,0.09758751
zero_shot,Zero-shot,396,10,0.4101769,0.08294676
zero_shot,Zero-shot,397,10,0.4869716,0.09311343
zero_shot,Zero-shot,398,10,0.4639734,0.115702584
zero_shot,Zero-shot,399,9,0.46780315,0.114798
zero_shot,Zero-shot,400,9,0.47732034,0.10481432
zero_shot,Zero-shot,401,10,0.3886573,0.08753867
zero_shot,Zero-shot,402,10,0.44592333,0.096234865
zero_shot,Zero-shot,403,10,0.48333308,0.08960172
zero_shot,Zero-shot,404,10,0.41913244,0.06879774
zero_shot,Zero-shot,405,10,0.4629069,0.09513494
zero_shot,Zero-shot,406,10,0.39167014,0.08647964
zero_shot,Zero-shot,407,10,0.36769816,0.074097864
zero_shot,Zero-shot,408,10,0.4430595,0.10074482
zero_shot,Zero-shot,409,10,0.42054608,0.088122465
zero_shot,Zero-shot,410,10,0.42469776,0.0949625
zero_shot,Zero-shot,411,10,0.4895994,0.10015796
zero_shot,Zero-shot,412,10,0.48044416,0.100416586
zero_shot,Zero-shot,413,10,0.42919552,0.10944249
zero_shot,Zero-shot,414,10,0.41305822,0.08160422
zero_shot,Zero-shot,415,10,0.4824054,0.13106723
zero_shot,Zero-shot,416,10,0.44260162,0.10741248
zero_shot,Zero-shot,417,10,0.39873493,0.09962437
zero_shot,Zero-shot,418,10,0.4359126,0.09956045
zero_shot,Zero-shot,419,10,0.4321192,0.08455069
zero_shot,Zero-shot,420,10,0.4454912,0.0842317
zero_shot,Zero-shot,421,10,0.48570248,0.10329378
zero_shot,Zero-shot,422,10,0.4761645,0.09677035
zero_shot,Zero-shot,423,10,0.43623522,0.11841137
zero_shot,Zero-shot,424,10,0.50192904,0.11131576
zero_shot,Zero-shot,425,10,0.4548283,0.07750322
zero_shot,Zero-shot,426,10,0.45384982,0.07699859
zero_shot,Zero-shot,427,10,0.4514401,0.12015595
zero_shot,Zero-shot,428,10,0.37443113,0.069900036
zero_shot,Zero-shot,429,10,0.4717022,0.07241042
zero_shot,Zero-shot,430,10,0.47289163,0.065493755
zero_shot,Zero-shot,431,10,0.42247683,0.076058835
zero_shot,Zero-shot,432,10,0.4518015,0.09354273
zero_shot,Zero-shot,433,10,0.466445,0.08443313
zero_shot,Zero-shot,434,10,0.3503488,0.074261524
zero_shot,Zero-shot,435,10,0.3638684,0.0724862
zero_shot,Zero-shot,436,10,0.40072724,0.08871949
zero_shot,Zero-shot,437,10,0.4130232,0.08220374
zero_shot,Zero-shot,438,10,0.45155656,0.13050604
zero_shot,Zero-shot,439,10,0.41485432,0.07395479
zero_shot,Zero-shot,440,10,0.47512054,0.06933505
zero_shot,Zero-shot,441,10,0.43209586,0.0824694
zero_shot,Zero-shot,442,10,0.48459384,0.09795374
zero_shot,Zero-shot,443,10,0.42881873,0.08097813
zero_shot,Zero-shot,444,10,0.4983952,0.078104764
zero_shot,Zero-shot,445,10,0.5322981,0.11935692
zero_shot,Zero-shot,446,10,0.45867738,0.064179204
zero_shot,Zero-shot,447,9,0.38672352,0.069525816
zero_shot,Zero-shot,448,10,0.39066324,0.08439673
zero_shot,Zero-shot,449,10,0.48169586,0.09911337
zero_shot,Zero-shot,450,10,0.42131746,0.10317992
zero_shot,Zero-shot,451,10,0.4146954,0.06411594
zero_shot,Zero-shot,452,10,0.48108354,0.074616864
zero_shot,Zero-shot,453,10,0.46652085,0.08903882
zero_shot,Zero-shot,454,10,0.416067,0.071498364
zero_shot,Zero-shot,455,10,0.5343094,0.08282852
zero_shot,Zero-shot,456,10,0.41584307,0.09135994
zero_shot,Zero-shot,457,10,0.38187176,0.07575984
zero_shot,Zero-shot,458,10,0.40410432,0.10873327
zero_shot,Zero-shot,459,10,0.46044618,0.10038188
zero_shot,Zero-shot,460,10,0.47938487,0.0819959
zero_shot,Zero-shot,461,10,0.37298292,0.06419852
zero_shot,Zero-shot,462,10,0.43051004,0.08802085
zero_shot,Zero-shot,463,10,0.4440688,0.08768687
zero_shot,Zero-shot,464,10,0.47880805,0.10482992
zero_shot,Zero-shot,465,10,0.37782165,0.09551811
zero_shot,Zero-shot,466,10,0.46969986,0.08683488
zero_shot,Zero-shot,467,10,0.44597262,0.13408174
zero_shot,Zero-shot,468,10,0.4448653,0.10705633
zero_shot,Zero-shot,469,10,0.40175286,0.08606266
zero_shot,Zero-shot,470,10,0.37009612,0.09067608
zero_shot,Zero-shot,471,10,0.42235768,0.088012286
zero_shot,Zero-shot,472,10,0.4700747,0.11321877
zero_shot,Zero-shot,473,10,0.42566597,0.12279944
zero_shot,Zero-shot,474,10,0.4704846,0.07893555
zero_shot,Zero-shot,475,10,0.5184793,0.1372993
zero_shot,Zero-shot,476,10,0.44983402,0.07820595
zero_shot,Zero-shot,477,10,0.52595055,0.09538103
zero_shot,Zero-shot,478,10,0.4687289,0.10877705
zero_shot,Zero-shot,479,10,0.34864855,0.088716656
zero_shot,Zero-shot,480,10,0.4257703,0.09872488
zero_shot,Zero-shot,481,10,0.4312964,0.07636894
zero_shot,Zero-shot,482,10,0.45620555,0.077184506
zero_shot,Zero-shot,483,10,0.4484479,0.07630737
zero_shot,Zero-shot,484,10,0.48652667,0.09499026
zero_shot,Zero-shot,485,9,0.38644361,0.070900515
zero_shot,Zero-shot,486,10,0.46731287,0.09666556
zero_shot,Zero-shot,487,10,0.47481328,0.09797486
zero_shot,Zero-shot,488,10,0.45854408,0.08539299
zero_shot,Zero-shot,489,10,0.40055916,0.07868766
zero_shot,Zero-shot,490,10,0.40357998,0.07565516
zero_shot,Zero-shot,491,10,0.42800412,0.06815327
zero_shot,Zero-shot,492,10,0.47831607,0.090773255
zero_shot,Zero-shot,493,10,0.48562956,0.08466473
zero_shot,Zero-shot,494,10,0.4304981,0.09435078
zero_shot,Zero-shot,495,10,0.4218581,0.08170915
zero_shot,Zero-shot,496,10,0.4511453,0.07431202
zero_shot,Zero-shot,497,10,0.4637885,0.106514975
zero_shot,Zero-shot,498,10,0.42740268,0.09442665
zero_shot,Zero-shot,499,10,0.4689819,0.09913187
zero_shot,Zero-shot,500,10,0.36744517,0.06576037
